<?xml version="1.0" encoding="UTF-8"?>
<project-private xmlns="http://www.netbeans.org/ns/project-private/1">
    <editor-bookmarks xmlns="http://www.netbeans.org/ns/editor-bookmarks/2" lastBookmarkId="0"/>
    <open-files xmlns="http://www.netbeans.org/ns/projectui-open-files/2">
        <group>
            <file>file:/D:/Luis%20Antonio/apps/Netbeans/Códigos/revisao2/src/revisao2/FakeBancoDados.java</file>
            <file>file:/D:/Luis%20Antonio/apps/Netbeans/Códigos/revisao2/src/revisao2/CompraGUI.java</file>
            <file>file:/D:/Luis%20Antonio/apps/Netbeans/Códigos/revisao2/src/revisao2/Produto.java</file>
            <file>file:/D:/Luis%20Antonio/apps/Netbeans/Códigos/revisao2/src/revisao2/ModeloTabelaCompra.java</file>
            <file>file:/D:/Luis%20Antonio/apps/Netbeans/Códigos/revisao2/src/revisao2/JanelaPrincipal.java</file>
        </group>
    </open-files>
</project-private>
